temperature,runNumber,timestamp,model,tags,summary,plannerLatencyMs,reviewerLatencyMs,latencyMs,reviewerChanged
0.7,1,2026-08-31T03:07:53.933083+00:00,qwen3:4b,"[""sleep_duration_impact"", ""academic_concentration"", ""university_sleep_studies""]",Clinical trial examines sleep quality's effect on university students' academic performance and cognitive functions.,17344.23,3907.67,21251.9,False
0.7,2,2026-08-31T03:07:59.076164+00:00,qwen3:4b,"[""sleep_duration"", ""academic_performance"", ""student_concentration""]",University students' concentration and memory impacted by sleep duration and quality.,1796.56,3344.67,5141.23,False
0.7,3,2026-08-31T03:08:04.643080+00:00,qwen3:4b,"[""sleep_duration_impact"", ""academic_performance_factors"", ""student_concentration_studies""]",Examines sleep's influence on university students' academic outcomes and cognitive functions.,2041.09,3524.82,5565.91,False
0.7,4,2026-08-31T03:08:09.905670+00:00,qwen3:4b,"[""sleep_duration"", ""academic_performance"", ""cognitive_function""]",University students' concentration and memory impacted by sleep quality and duration.,1841.1,3420.71,5261.81,False
0.7,5,2026-08-31T03:08:15.166404+00:00,qwen3:4b,"[""sleep_duration"", ""academic_performance"", ""student_concentration""]",Clinical trial examines sleep's impact on university students' concentration and academic outcomes.,1844.87,3414.64,5259.51,False
0.7,6,2026-08-31T03:08:20.848305+00:00,qwen3:4b,"[""sleep_duration_impact"", ""academic_performance_factors"", ""student_cognitive_function""]",Clinical trial examines sleep quality and duration effects on university students' academic performance.,1940.9,3739.97,5680.87,False
0.7,7,2026-08-31T03:08:25.328755+00:00,qwen3:4b,"[""sleep_quality"", ""academic_performance"", ""university_studies""]",Exploring sleep's impact on student concentration and academic success through clinical research.,1895.76,2583.58,4479.34,False
0.7,8,2026-08-31T03:08:30.935794+00:00,qwen3:4b,"[""sleep_duration"", ""academic_performance"", ""concentration_metrics""]",Sleep habits impact university students' cognitive functions and academic outcomes.,1547.29,4057.73,5605.01,False
0.7,9,2026-08-31T03:08:36.368460+00:00,qwen3:4b,"[""sleep_quality"", ""academic_performance"", ""university_students""]","Sleep quality impacts university students' concentration, memory, and academic outcomes.",1898.1,3533.68,5431.78,False
0.7,10,2026-08-31T03:08:42.383845+00:00,qwen3:4b,"[""sleep_duration_impact"", ""academic_performance_factors"", ""university_student_concentration""]",This study examines sleep duration and quality's effect on university students' academic performance.,2134.37,3879.6,6013.97,False
0.7,11,2026-08-31T03:08:49.323457+00:00,qwen3:4b,"[""sleep_duration_impact"", ""academic_performance_factors"", ""university_student_concentration""]","Examines sleep's effect on student focus, memory, and grades through clinical trial methods.",2218.77,4719.94,6938.71,False
0.7,12,2026-08-31T03:08:54.811253+00:00,qwen3:4b,"[""sleep_duration"", ""academic_performance"", ""student_concentration""]",Clinical trial examines sleep impact on university students' concentration and academic outcomes.,1917.96,3568.2,5486.16,False
0.7,13,2026-08-31T03:09:00.800887+00:00,qwen3:4b,"[""sleep_duration"", ""academic_performance"", ""concentration_impact""]",Examines sleep quality's effect on university students' academic outcomes and cognitive functions.,2189.41,3799.26,5988.67,False
0.7,14,2026-08-31T03:09:06.271101+00:00,qwen3:4b,"[""sleep_duration"", ""academic_performance"", ""cognitive_function""]",Clinical trial examines sleep quality's impact on university students' concentration and academic success.,1879.87,3588.51,5468.37,False
0.7,15,2026-08-31T03:09:10.802085+00:00,qwen3:4b,"[""sleep_quality"", ""academic_performance"", ""university_students""]","Examines sleep's impact on student focus, memory, and grades through clinical trial.",1911.32,2618.25,4529.57,False
0.7,16,2026-08-31T03:09:15.911478+00:00,qwen3:4b,"[""sleep_quality"", ""academic_performance"", ""university_students""]",Clinical trial examining sleep impact on student concentration and academic outcomes.,1633.89,3474.36,5108.25,False
0.7,17,2026-08-31T03:09:21.539139+00:00,qwen3:4b,"[""sleep_quality"", ""academic_performance"", ""university_students""]","Examines sleep impact on student concentration, memory, and academic outcomes.",1983.77,3642.39,5626.16,False
0.7,18,2026-08-31T03:09:27.238471+00:00,qwen3:4b,"[""sleep_quality"", ""academic_performance"", ""university_studies""]",Clinical trial examines sleep duration and quality impacts on student concentration and academic outcomes.,1944.69,3753.21,5697.9,False
0.7,19,2026-08-31T03:09:32.971279+00:00,qwen3:4b,"[""sleep_duration"", ""academic_performance"", ""concentration_outcomes""]",University students' academic performance linked to sleep quality and duration in clinical trial.,1945.1,3786.37,5731.47,False
0.7,20,2026-08-31T03:09:38.388481+00:00,qwen3:4b,"[""sleep_quality"", ""academic_performance"", ""university_students""]",Clinical trial examining sleep duration and quality's impact on university students' academic outcomes.,1876.54,3539.02,5415.56,False
0.0,1,2026-08-31T03:09:45.846559+00:00,qwen3:4b,"[""sleep_duration"", ""academic_performance"", ""concentration_effects""]",Clinical trial examines sleep quality's impact on university students' academic outcomes.,3851.2,3582.52,7433.72,False
0.0,2,2026-08-31T03:09:50.916264+00:00,qwen3:4b,"[""sleep_duration"", ""academic_performance"", ""concentration_effects""]",Clinical trial examines sleep quality's impact on university students' academic outcomes.,1807.24,3260.93,5068.17,False
0.0,3,2026-08-31T03:09:55.991659+00:00,qwen3:4b,"[""sleep_duration"", ""academic_performance"", ""concentration_effects""]",Clinical trial examines sleep quality's impact on university students' academic outcomes.,1792.02,3282.09,5074.11,False
0.0,4,2026-08-31T03:10:01.108507+00:00,qwen3:4b,"[""sleep_duration"", ""academic_performance"", ""concentration_effects""]",Clinical trial examines sleep quality's impact on university students' academic outcomes.,1819.7,3295.4,5115.1,False
0.0,5,2026-08-31T03:10:06.195061+00:00,qwen3:4b,"[""sleep_duration"", ""academic_performance"", ""concentration_effects""]",Clinical trial examines sleep quality's impact on university students' academic outcomes.,1808.17,3275.96,5084.13,False
0.0,6,2026-08-31T03:10:11.318509+00:00,qwen3:4b,"[""sleep_duration"", ""academic_performance"", ""concentration_effects""]",Clinical trial examines sleep quality's impact on university students' academic outcomes.,1842.47,3279.11,5121.59,False
0.0,7,2026-08-31T03:10:16.509505+00:00,qwen3:4b,"[""sleep_duration"", ""academic_performance"", ""concentration_effects""]",Clinical trial examines sleep quality's impact on university students' academic outcomes.,1827.26,3361.74,5189.0,False
0.0,8,2026-08-31T03:10:21.774956+00:00,qwen3:4b,"[""sleep_duration"", ""academic_performance"", ""concentration_effects""]",Clinical trial examines sleep quality's impact on university students' academic outcomes.,1862.81,3400.83,5263.63,False
0.0,9,2026-08-31T03:10:27.206260+00:00,qwen3:4b,"[""sleep_duration"", ""academic_performance"", ""concentration_effects""]",Clinical trial examines sleep quality's impact on university students' academic outcomes.,1996.57,3432.78,5429.35,False
0.0,10,2026-08-31T03:10:32.289087+00:00,qwen3:4b,"[""sleep_duration"", ""academic_performance"", ""concentration_effects""]",Clinical trial examines sleep quality's impact on university students' academic outcomes.,1808.18,3272.86,5081.04,False
0.0,11,2026-08-31T03:10:37.471850+00:00,qwen3:4b,"[""sleep_duration"", ""academic_performance"", ""concentration_effects""]",Clinical trial examines sleep quality's impact on university students' academic outcomes.,1844.59,3336.2,5180.78,False
0.0,12,2026-08-31T03:10:42.679572+00:00,qwen3:4b,"[""sleep_duration"", ""academic_performance"", ""concentration_effects""]",Clinical trial examines sleep quality's impact on university students' academic outcomes.,1905.3,3300.45,5205.75,False
0.0,13,2026-08-31T03:10:47.769078+00:00,qwen3:4b,"[""sleep_duration"", ""academic_performance"", ""concentration_effects""]",Clinical trial examines sleep quality's impact on university students' academic outcomes.,1829.94,3258.16,5088.1,False
0.0,14,2026-08-31T03:10:52.867263+00:00,qwen3:4b,"[""sleep_duration"", ""academic_performance"", ""concentration_effects""]",Clinical trial examines sleep quality's impact on university students' academic outcomes.,1809.31,3286.45,5095.75,False
0.0,15,2026-08-31T03:10:57.961511+00:00,qwen3:4b,"[""sleep_duration"", ""academic_performance"", ""concentration_effects""]",Clinical trial examines sleep quality's impact on university students' academic outcomes.,1811.16,3281.48,5092.64,False
0.0,16,2026-08-31T03:11:03.035112+00:00,qwen3:4b,"[""sleep_duration"", ""academic_performance"", ""concentration_effects""]",Clinical trial examines sleep quality's impact on university students' academic outcomes.,1786.69,3284.86,5071.55,False
0.0,17,2026-08-31T03:11:08.202841+00:00,qwen3:4b,"[""sleep_duration"", ""academic_performance"", ""concentration_effects""]",Clinical trial examines sleep quality's impact on university students' academic outcomes.,1834.15,3322.63,5156.78,False
0.0,18,2026-08-31T03:11:13.349861+00:00,qwen3:4b,"[""sleep_duration"", ""academic_performance"", ""concentration_effects""]",Clinical trial examines sleep quality's impact on university students' academic outcomes.,1775.89,3359.74,5135.62,False
0.0,19,2026-08-31T03:11:18.445402+00:00,qwen3:4b,"[""sleep_duration"", ""academic_performance"", ""concentration_effects""]",Clinical trial examines sleep quality's impact on university students' academic outcomes.,1782.52,3302.08,5084.6,False
0.0,20,2026-08-31T03:11:23.513262+00:00,qwen3:4b,"[""sleep_duration"", ""academic_performance"", ""concentration_effects""]",Clinical trial examines sleep quality's impact on university students' academic outcomes.,1771.55,3294.02,5065.57,False
