timestamp,version,page_size,run_number,page,status_code,record_count,query_count,server_latency_ms,client_latency_ms
2026-09-28T18:18:59.333000+00:00,naive,10,1,1,200,10,11,433.302,508.746
2026-09-28T18:19:02.339167+00:00,naive,10,2,18,200,10,11,155.219,3006.942
2026-09-28T18:19:02.371703+00:00,naive,10,3,35,200,10,11,24.0,31.227
2026-09-28T18:19:02.405311+00:00,naive,10,4,52,200,10,11,25.493,33.684
2026-09-28T18:19:02.458829+00:00,naive,10,5,69,200,10,11,22.037,52.83
2026-09-28T18:19:02.489072+00:00,naive,10,6,86,200,10,11,22.996,29.677
2026-09-28T18:19:02.537169+00:00,naive,10,7,103,200,10,11,21.051,47.983
2026-09-28T18:19:02.584187+00:00,naive,10,8,120,200,10,11,21.438,47.005
2026-09-28T18:19:02.613887+00:00,naive,10,9,137,200,10,11,22.295,29.229
2026-09-28T18:19:02.664921+00:00,naive,10,10,154,200,10,11,23.965,50.704
2026-09-28T18:19:02.719302+00:00,naive,10,11,171,200,10,11,23.657,54.608
2026-09-28T18:19:02.762620+00:00,naive,10,12,188,200,10,11,24.558,43.085
2026-09-28T18:19:02.792723+00:00,naive,10,13,205,200,10,11,24.653,31.791
2026-09-28T18:19:02.825825+00:00,naive,10,14,222,200,10,11,23.937,31.106
2026-09-28T18:19:02.853745+00:00,naive,10,15,239,200,10,11,20.867,27.438
2026-09-28T18:19:02.891618+00:00,naive,10,16,256,200,10,11,19.734,38.084
2026-09-28T18:19:02.932258+00:00,naive,10,17,273,200,10,11,19.477,40.047
2026-09-28T18:19:02.979833+00:00,naive,10,18,290,200,10,11,23.793,47.288
2026-09-28T18:19:03.021209+00:00,naive,10,19,307,200,10,11,20.056,41.612
2026-09-28T18:19:03.052094+00:00,naive,10,20,324,200,10,11,24.494,30.506
2026-09-28T18:19:03.080501+00:00,naive,10,21,341,200,10,11,21.804,28.025
2026-09-28T18:19:03.108699+00:00,naive,10,22,358,200,10,11,22.48,28.296
2026-09-28T18:19:03.149791+00:00,naive,10,23,375,200,10,11,23.441,40.505
2026-09-28T18:19:03.191766+00:00,naive,10,24,392,200,10,11,24.077,42.029
2026-09-28T18:19:03.235134+00:00,naive,10,25,409,200,10,11,25.818,43.144
2026-09-28T18:19:03.286026+00:00,naive,10,26,426,200,10,11,21.392,50.933
2026-09-28T18:19:03.345465+00:00,naive,10,27,443,200,10,11,37.245,59.305
2026-09-28T18:19:03.392624+00:00,naive,10,28,460,200,10,11,26.48,46.688
2026-09-28T18:19:03.428339+00:00,naive,10,29,477,200,10,11,28.576,35.805
2026-09-28T18:19:03.474804+00:00,naive,10,30,494,200,10,11,27.577,45.812
2026-09-28T18:19:03.504680+00:00,optimized,10,1,1,200,10,2,21.303,29.958
2026-09-28T18:19:03.523509+00:00,optimized,10,2,18,200,10,2,10.245,18.784
2026-09-28T18:19:03.538567+00:00,optimized,10,3,35,200,10,2,7.41,15.215
2026-09-28T18:19:03.555093+00:00,optimized,10,4,52,200,10,2,7.576,15.683
2026-09-28T18:19:03.569477+00:00,optimized,10,5,69,200,10,2,6.816,14.154
2026-09-28T18:19:03.583984+00:00,optimized,10,6,86,200,10,2,7.049,13.956
2026-09-28T18:19:03.599036+00:00,optimized,10,7,103,200,10,2,6.972,15.029
2026-09-28T18:19:03.614100+00:00,optimized,10,8,120,200,10,2,7.399,15.055
2026-09-28T18:19:03.631515+00:00,optimized,10,9,137,200,10,2,8.058,17.005
2026-09-28T18:19:03.646539+00:00,optimized,10,10,154,200,10,2,7.16,14.853
2026-09-28T18:19:03.661838+00:00,optimized,10,11,171,200,10,2,7.404,14.989
2026-09-28T18:19:03.679964+00:00,optimized,10,12,188,200,10,2,9.23,18.148
2026-09-28T18:19:03.695951+00:00,optimized,10,13,205,200,10,2,7.416,15.555
2026-09-28T18:19:03.710593+00:00,optimized,10,14,222,200,10,2,6.927,14.329
2026-09-28T18:19:03.727359+00:00,optimized,10,15,239,200,10,2,8.102,16.687
2026-09-28T18:19:03.753916+00:00,optimized,10,16,256,200,10,2,8.256,26.359
2026-09-28T18:19:03.774399+00:00,optimized,10,17,273,200,10,2,10.797,20.13
2026-09-28T18:19:03.791296+00:00,optimized,10,18,290,200,10,2,8.642,17.034
2026-09-28T18:19:03.810270+00:00,optimized,10,19,307,200,10,2,9.469,18.52
2026-09-28T18:19:03.840922+00:00,optimized,10,20,324,200,10,2,10.251,30.502
2026-09-28T18:19:03.858084+00:00,optimized,10,21,341,200,10,2,9.266,16.772
2026-09-28T18:19:03.892519+00:00,optimized,10,22,358,200,10,2,9.033,34.484
2026-09-28T18:19:03.924239+00:00,optimized,10,23,375,200,10,2,8.384,31.373
2026-09-28T18:19:03.960727+00:00,optimized,10,24,392,200,10,2,7.106,36.556
2026-09-28T18:19:03.993992+00:00,optimized,10,25,409,200,10,2,8.579,32.794
2026-09-28T18:19:04.010081+00:00,optimized,10,26,426,200,10,2,8.943,16.106
2026-09-28T18:19:04.044067+00:00,optimized,10,27,443,200,10,2,7.801,34.724
2026-09-28T18:19:04.074459+00:00,optimized,10,28,460,200,10,2,7.672,29.399
2026-09-28T18:19:04.105053+00:00,optimized,10,29,477,200,10,2,9.255,30.109
2026-09-28T18:19:04.119559+00:00,optimized,10,30,494,200,10,2,7.913,14.225
2026-09-28T18:19:04.257555+00:00,naive,50,1,1,200,50,51,130.597,138.09
2026-09-28T18:19:04.366746+00:00,naive,50,2,18,200,50,51,84.471,108.725
2026-09-28T18:19:04.497776+00:00,naive,50,3,35,200,50,51,108.95,130.698
2026-09-28T18:19:04.608511+00:00,naive,50,4,52,200,50,51,102.309,110.568
2026-09-28T18:19:04.762694+00:00,naive,50,5,69,200,50,51,126.669,153.662
2026-09-28T18:19:04.927874+00:00,naive,50,6,86,200,50,51,154.695,164.91
2026-09-28T18:19:05.051580+00:00,naive,50,7,3,200,50,51,115.904,123.584
2026-09-28T18:19:05.196940+00:00,naive,50,8,20,200,50,51,115.464,145.096
2026-09-28T18:19:05.327847+00:00,naive,50,9,37,200,50,51,121.478,130.466
2026-09-28T18:19:05.436552+00:00,naive,50,10,54,200,50,51,99.37,108.176
2026-09-28T18:19:05.539019+00:00,naive,50,11,71,200,50,51,95.338,102.641
2026-09-28T18:19:05.655034+00:00,naive,50,12,88,200,50,51,106.621,115.515
2026-09-28T18:19:05.792400+00:00,naive,50,13,5,200,50,51,113.418,136.971
2026-09-28T18:19:05.950459+00:00,naive,50,14,22,200,50,51,147.718,157.948
2026-09-28T18:19:06.138623+00:00,naive,50,15,39,200,50,51,176.42,187.777
2026-09-28T18:19:06.313131+00:00,naive,50,16,56,200,50,51,163.646,174.077
2026-09-28T18:19:06.472587+00:00,naive,50,17,73,200,50,51,148.62,159.316
2026-09-28T18:19:06.627498+00:00,naive,50,18,90,200,50,51,145.313,155.222
2026-09-28T18:19:06.786542+00:00,naive,50,19,7,200,50,51,146.786,157.869
2026-09-28T18:19:06.952090+00:00,naive,50,20,24,200,50,51,154.826,165.106
2026-09-28T18:19:07.160076+00:00,naive,50,21,41,200,50,51,196.174,208.531
2026-09-28T18:19:07.363401+00:00,naive,50,22,58,200,50,51,188.064,202.263
2026-09-28T18:19:07.515821+00:00,naive,50,23,75,200,50,51,142.556,153.018
2026-09-28T18:19:07.666360+00:00,naive,50,24,92,200,50,51,139.299,148.812
2026-09-28T18:19:07.807295+00:00,naive,50,25,9,200,50,51,131.731,140.919
2026-09-28T18:19:07.973452+00:00,naive,50,26,26,200,50,51,138.497,165.827
2026-09-28T18:19:08.125280+00:00,naive,50,27,43,200,50,51,140.733,151.851
2026-09-28T18:19:08.315950+00:00,naive,50,28,60,200,50,51,176.503,189.926
2026-09-28T18:19:08.674698+00:00,naive,50,29,77,200,50,51,344.376,358.426
2026-09-28T18:19:08.857637+00:00,naive,50,30,94,200,50,51,173.031,182.526
2026-09-28T18:19:08.892035+00:00,optimized,50,1,1,200,50,2,23.348,34.227
2026-09-28T18:19:08.915263+00:00,optimized,50,2,18,200,50,2,12.683,23.002
2026-09-28T18:19:08.940682+00:00,optimized,50,3,35,200,50,2,13.427,24.929
2026-09-28T18:19:08.982465+00:00,optimized,50,4,52,200,50,2,12.781,41.689
2026-09-28T18:19:09.006682+00:00,optimized,50,5,69,200,50,2,12.794,23.28
2026-09-28T18:19:09.030881+00:00,optimized,50,6,86,200,50,2,13.9,23.934
2026-09-28T18:19:09.058811+00:00,optimized,50,7,3,200,50,2,15.88,27.614
2026-09-28T18:19:09.078846+00:00,optimized,50,8,20,200,50,2,10.52,19.655
2026-09-28T18:19:09.120046+00:00,optimized,50,9,37,200,50,2,13.072,41.145
2026-09-28T18:19:09.142672+00:00,optimized,50,10,54,200,50,2,11.873,22.103
2026-09-28T18:19:09.169330+00:00,optimized,50,11,71,200,50,2,15.186,26.551
2026-09-28T18:19:09.196834+00:00,optimized,50,12,88,200,50,2,13.797,26.725
2026-09-28T18:19:09.218509+00:00,optimized,50,13,5,200,50,2,10.463,21.347
2026-09-28T18:19:09.242624+00:00,optimized,50,14,22,200,50,2,13.674,24.108
2026-09-28T18:19:09.263589+00:00,optimized,50,15,39,200,50,2,11.817,20.589
2026-09-28T18:19:09.304185+00:00,optimized,50,16,56,200,50,2,13.439,40.53
2026-09-28T18:19:09.338930+00:00,optimized,50,17,73,200,50,2,21.131,33.968
2026-09-28T18:19:09.367012+00:00,optimized,50,18,90,200,50,2,16.605,27.989
2026-09-28T18:19:09.388296+00:00,optimized,50,19,7,200,50,2,11.935,20.851
2026-09-28T18:19:09.412237+00:00,optimized,50,20,24,200,50,2,14.461,24.027
2026-09-28T18:19:09.435510+00:00,optimized,50,21,41,200,50,2,13.141,22.716
2026-09-28T18:19:09.513916+00:00,optimized,50,22,58,200,50,2,62.772,78.033
2026-09-28T18:19:09.538423+00:00,optimized,50,23,75,200,50,2,13.738,24.046
2026-09-28T18:19:09.560528+00:00,optimized,50,24,92,200,50,2,11.992,22.319
2026-09-28T18:19:09.581665+00:00,optimized,50,25,9,200,50,2,12.207,20.979
2026-09-28T18:19:09.607731+00:00,optimized,50,26,26,200,50,2,14.505,25.171
2026-09-28T18:19:09.630801+00:00,optimized,50,27,43,200,50,2,11.128,22.853
2026-09-28T18:19:09.656961+00:00,optimized,50,28,60,200,50,2,14.39,25.997
2026-09-28T18:19:09.688550+00:00,optimized,50,29,77,200,50,2,17.229,31.586
2026-09-28T18:19:09.718988+00:00,optimized,50,30,94,200,50,2,18.471,29.97
2026-09-28T18:19:10.079391+00:00,naive,100,1,1,200,100,101,345.488,359.472
2026-09-28T18:19:10.345250+00:00,naive,100,2,18,200,100,101,233.415,265.63
2026-09-28T18:19:10.630832+00:00,naive,100,3,35,200,100,101,276.284,285.362
2026-09-28T18:19:10.982658+00:00,naive,100,4,2,200,100,101,339.526,351.14
2026-09-28T18:19:11.220783+00:00,naive,100,5,19,200,100,101,227.208,238.025
2026-09-28T18:19:11.450410+00:00,naive,100,6,36,200,100,101,218.281,228.588
2026-09-28T18:19:11.643391+00:00,naive,100,7,3,200,100,101,183.52,192.852
2026-09-28T18:19:11.829363+00:00,naive,100,8,20,200,100,101,167.178,186.105
2026-09-28T18:19:12.032513+00:00,naive,100,9,37,200,100,101,194.465,202.922
2026-09-28T18:19:12.276531+00:00,naive,100,10,4,200,100,101,220.773,243.183
2026-09-28T18:19:12.558053+00:00,naive,100,11,21,200,100,101,270.198,280.827
2026-09-28T18:19:12.817360+00:00,naive,100,12,38,200,100,101,248.539,258.83
2026-09-28T18:19:13.084787+00:00,naive,100,13,5,200,100,101,255.565,266.919
2026-09-28T18:19:13.358833+00:00,naive,100,14,22,200,100,101,263.285,273.685
2026-09-28T18:19:13.579880+00:00,naive,100,15,39,200,100,101,211.513,220.869
2026-09-28T18:19:13.840355+00:00,naive,100,16,6,200,100,101,250.55,259.993
2026-09-28T18:19:14.066881+00:00,naive,100,17,23,200,100,101,217.073,226.045
2026-09-28T18:19:14.313364+00:00,naive,100,18,40,200,100,101,235.692,245.908
2026-09-28T18:19:14.557737+00:00,naive,100,19,7,200,100,101,233.104,244.024
2026-09-28T18:19:14.842678+00:00,naive,100,20,24,200,100,101,272.757,284.472
2026-09-28T18:19:15.187225+00:00,naive,100,21,41,200,100,101,334.091,343.713
2026-09-28T18:19:15.443472+00:00,naive,100,22,8,200,100,101,247.251,256.333
2026-09-28T18:19:15.652798+00:00,naive,100,23,25,200,100,101,184.165,208.485
2026-09-28T18:19:15.912012+00:00,naive,100,24,42,200,100,101,251.006,259.152
2026-09-28T18:19:16.172833+00:00,naive,100,25,9,200,100,101,227.914,260.491
2026-09-28T18:19:16.432513+00:00,naive,100,26,26,200,100,101,248.812,259.797
2026-09-28T18:19:16.956228+00:00,naive,100,27,43,200,100,101,506.369,522.43
2026-09-28T18:19:17.305189+00:00,naive,100,28,10,200,100,101,334.668,348.216
2026-09-28T18:19:17.639951+00:00,naive,100,29,27,200,100,101,322.04,334.51
2026-09-28T18:19:17.882598+00:00,naive,100,30,44,200,100,101,232.623,242.522
2026-09-28T18:19:17.925642+00:00,optimized,100,1,1,200,100,2,17.68,42.327
2026-09-28T18:19:17.946087+00:00,optimized,100,2,18,200,100,2,10.763,20.139
2026-09-28T18:19:17.967609+00:00,optimized,100,3,35,200,100,2,12.106,21.066
2026-09-28T18:19:17.990172+00:00,optimized,100,4,2,200,100,2,14.146,22.514
2026-09-28T18:19:18.028040+00:00,optimized,100,5,19,200,100,2,9.681,37.573
2026-09-28T18:19:18.056280+00:00,optimized,100,6,36,200,100,2,10.66,27.974
2026-09-28T18:19:18.084843+00:00,optimized,100,7,3,200,100,2,9.964,27.897
2026-09-28T18:19:18.103738+00:00,optimized,100,8,20,200,100,2,10.595,18.948
2026-09-28T18:19:18.142061+00:00,optimized,100,9,37,200,100,2,11.103,37.857
2026-09-28T18:19:18.159902+00:00,optimized,100,10,4,200,100,2,9.22,18.042
2026-09-28T18:19:18.183373+00:00,optimized,100,11,21,200,100,2,12.698,22.35
2026-09-28T18:19:18.203696+00:00,optimized,100,12,38,200,100,2,11.087,20.036
2026-09-28T18:19:18.239582+00:00,optimized,100,13,5,200,100,2,11.396,35.617
2026-09-28T18:19:18.258060+00:00,optimized,100,14,22,200,100,2,10.374,18.039
2026-09-28T18:19:18.278751+00:00,optimized,100,15,39,200,100,2,12.98,20.277
2026-09-28T18:19:18.297964+00:00,optimized,100,16,6,200,100,2,12.006,19.041
2026-09-28T18:19:18.316758+00:00,optimized,100,17,23,200,100,2,10.129,18.374
2026-09-28T18:19:18.336548+00:00,optimized,100,18,40,200,100,2,10.58,19.852
2026-09-28T18:19:18.370525+00:00,optimized,100,19,7,200,100,2,10.089,33.271
2026-09-28T18:19:18.404801+00:00,optimized,100,20,24,200,100,2,10.229,34.138
2026-09-28T18:19:18.434275+00:00,optimized,100,21,41,200,100,2,10.947,29.353
2026-09-28T18:19:18.467995+00:00,optimized,100,22,8,200,100,2,10.355,33.322
2026-09-28T18:19:18.499039+00:00,optimized,100,23,25,200,100,2,12.662,30.612
2026-09-28T18:19:18.522044+00:00,optimized,100,24,42,200,100,2,13.039,22.834
2026-09-28T18:19:18.551961+00:00,optimized,100,25,9,200,100,2,11.137,29.542
2026-09-28T18:19:18.591118+00:00,optimized,100,26,26,200,100,2,13.968,38.603
2026-09-28T18:19:18.616150+00:00,optimized,100,27,43,200,100,2,16.094,24.715
2026-09-28T18:19:18.640417+00:00,optimized,100,28,10,200,100,2,13.324,24.24
2026-09-28T18:19:18.663454+00:00,optimized,100,29,27,200,100,2,12.552,22.386
2026-09-28T18:19:18.700651+00:00,optimized,100,30,44,200,100,2,13.491,36.668
