failure_rate,rate_seed,call_number,ok,error,attempts,retried,attempt_error_count,attempt_errors,latency_ms,timestamp
0.0,267801,1,True,,1,False,0,[],10.336,2026-10-05T21:12:40.388514+00:00
0.0,267801,2,True,,1,False,0,[],8.768,2026-10-05T21:12:40.397285+00:00
0.0,267801,3,True,,1,False,0,[],11.523,2026-10-05T21:12:40.408773+00:00
0.0,267801,4,True,,1,False,0,[],12.541,2026-10-05T21:12:40.421793+00:00
0.0,267801,5,True,,1,False,0,[],12.877,2026-10-05T21:12:40.434396+00:00
0.0,267801,6,True,,1,False,0,[],10.179,2026-10-05T21:12:40.444843+00:00
0.0,267801,7,True,,1,False,0,[],10.324,2026-10-05T21:12:40.454586+00:00
0.0,267801,8,True,,1,False,0,[],8.56,2026-10-05T21:12:40.464034+00:00
0.0,267801,9,True,,1,False,0,[],8.889,2026-10-05T21:12:40.472000+00:00
0.0,267801,10,True,,1,False,0,[],7.494,2026-10-05T21:12:40.480360+00:00
0.0,267801,11,True,,1,False,0,[],8.649,2026-10-05T21:12:40.488949+00:00
0.0,267801,12,True,,1,False,0,[],8.618,2026-10-05T21:12:40.497257+00:00
0.0,267801,13,True,,1,False,0,[],9.043,2026-10-05T21:12:40.506833+00:00
0.0,267801,14,True,,1,False,0,[],9.026,2026-10-05T21:12:40.515978+00:00
0.0,267801,15,True,,1,False,0,[],7.44,2026-10-05T21:12:40.523473+00:00
0.0,267801,16,True,,1,False,0,[],7.975,2026-10-05T21:12:40.531433+00:00
0.0,267801,17,True,,1,False,0,[],9.945,2026-10-05T21:12:40.541728+00:00
0.0,267801,18,True,,1,False,0,[],9.814,2026-10-05T21:12:40.551107+00:00
0.0,267801,19,True,,1,False,0,[],9.285,2026-10-05T21:12:40.560565+00:00
0.0,267801,20,True,,1,False,0,[],10.03,2026-10-05T21:12:40.569893+00:00
0.0,267801,21,True,,1,False,0,[],9.601,2026-10-05T21:12:40.580501+00:00
0.0,267801,22,True,,1,False,0,[],9.051,2026-10-05T21:12:40.589674+00:00
0.0,267801,23,True,,1,False,0,[],8.953,2026-10-05T21:12:40.598430+00:00
0.0,267801,24,True,,1,False,0,[],10.286,2026-10-05T21:12:40.608859+00:00
0.0,267801,25,True,,1,False,0,[],7.669,2026-10-05T21:12:40.616435+00:00
0.0,267801,26,True,,1,False,0,[],8.137,2026-10-05T21:12:40.624995+00:00
0.0,267801,27,True,,1,False,0,[],8.594,2026-10-05T21:12:40.633657+00:00
0.0,267801,28,True,,1,False,0,[],9.885,2026-10-05T21:12:40.643671+00:00
0.0,267801,29,True,,1,False,0,[],7.297,2026-10-05T21:12:40.650720+00:00
0.0,267801,30,True,,1,False,0,[],7.238,2026-10-05T21:12:40.657876+00:00
0.0,267801,31,True,,1,False,0,[],7.852,2026-10-05T21:12:40.665990+00:00
0.0,267801,32,True,,1,False,0,[],8.263,2026-10-05T21:12:40.674191+00:00
0.0,267801,33,True,,1,False,0,[],7.398,2026-10-05T21:12:40.681697+00:00
0.0,267801,34,True,,1,False,0,[],7.021,2026-10-05T21:12:40.688685+00:00
0.0,267801,35,True,,1,False,0,[],8.532,2026-10-05T21:12:40.697367+00:00
0.0,267801,36,True,,1,False,0,[],9.739,2026-10-05T21:12:40.706950+00:00
0.0,267801,37,True,,1,False,0,[],8.264,2026-10-05T21:12:40.715632+00:00
0.0,267801,38,True,,1,False,0,[],7.155,2026-10-05T21:12:40.722198+00:00
0.0,267801,39,True,,1,False,0,[],8.246,2026-10-05T21:12:40.730625+00:00
0.0,267801,40,True,,1,False,0,[],7.461,2026-10-05T21:12:40.738413+00:00
0.0,267801,41,True,,1,False,0,[],6.712,2026-10-05T21:12:40.745464+00:00
0.0,267801,42,True,,1,False,0,[],9.353,2026-10-05T21:12:40.754807+00:00
0.0,267801,43,True,,1,False,0,[],7.545,2026-10-05T21:12:40.762375+00:00
0.0,267801,44,True,,1,False,0,[],8.045,2026-10-05T21:12:40.770517+00:00
0.0,267801,45,True,,1,False,0,[],8.826,2026-10-05T21:12:40.778993+00:00
0.0,267801,46,True,,1,False,0,[],7.484,2026-10-05T21:12:40.786692+00:00
0.0,267801,47,True,,1,False,0,[],10.33,2026-10-05T21:12:40.797125+00:00
0.0,267801,48,True,,1,False,0,[],10.536,2026-10-05T21:12:40.807636+00:00
0.0,267801,49,True,,1,False,0,[],8.645,2026-10-05T21:12:40.816289+00:00
0.0,267801,50,True,,1,False,0,[],8.154,2026-10-05T21:12:40.824702+00:00
0.2,268001,1,True,,1,False,0,[],9.914,2026-10-05T21:12:40.834736+00:00
0.2,268001,2,True,,1,False,0,[],9.558,2026-10-05T21:12:40.844381+00:00
0.2,268001,3,True,,2,True,1,"[""attempt 1: Reproducible injected failure.""]",35.123,2026-10-05T21:12:40.879454+00:00
0.2,268001,4,True,,1,False,0,[],9.121,2026-10-05T21:12:40.888855+00:00
0.2,268001,5,True,,2,True,1,"[""attempt 1: Reproducible injected failure.""]",34.311,2026-10-05T21:12:40.922750+00:00
0.2,268001,6,True,,1,False,0,[],9.241,2026-10-05T21:12:40.932253+00:00
0.2,268001,7,True,,2,True,1,"[""attempt 1: Reproducible injected failure.""]",34.174,2026-10-05T21:12:40.966328+00:00
0.2,268001,8,True,,1,False,0,[],7.904,2026-10-05T21:12:40.974527+00:00
0.2,268001,9,True,,1,False,0,[],6.753,2026-10-05T21:12:40.981023+00:00
0.2,268001,10,True,,1,False,0,[],10.238,2026-10-05T21:12:40.991486+00:00
0.2,268001,11,True,,1,False,0,[],8.289,2026-10-05T21:12:41.000094+00:00
0.2,268001,12,True,,1,False,0,[],8.876,2026-10-05T21:12:41.008612+00:00
0.2,268001,13,True,,1,False,0,[],8.075,2026-10-05T21:12:41.017174+00:00
0.2,268001,14,True,,2,True,1,"[""attempt 1: Reproducible injected failure.""]",48.467,2026-10-05T21:12:41.065380+00:00
0.2,268001,15,True,,1,False,0,[],14.15,2026-10-05T21:12:41.079569+00:00
0.2,268001,16,True,,1,False,0,[],16.081,2026-10-05T21:12:41.095951+00:00
0.2,268001,17,True,,1,False,0,[],14.242,2026-10-05T21:12:41.109993+00:00
0.2,268001,18,False,Operation failed after 3 attempts.,3,True,3,"[""attempt 1: Reproducible injected failure."", ""attempt 2: Reproducible injected failure."", ""attempt 3: Reproducible injected failure.""]",76.271,2026-10-05T21:12:41.186293+00:00
0.2,268001,19,True,,1,False,0,[],25.737,2026-10-05T21:12:41.212417+00:00
0.2,268001,20,True,,1,False,0,[],33.916,2026-10-05T21:12:41.246369+00:00
0.2,268001,21,True,,1,False,0,[],23.031,2026-10-05T21:12:41.269417+00:00
0.2,268001,22,True,,1,False,0,[],17.114,2026-10-05T21:12:41.286846+00:00
0.2,268001,23,True,,1,False,0,[],17.158,2026-10-05T21:12:41.303860+00:00
0.2,268001,24,True,,1,False,0,[],19.233,2026-10-05T21:12:41.323655+00:00
0.2,268001,25,True,,3,True,2,"[""attempt 1: Reproducible injected failure."", ""attempt 2: Reproducible injected failure.""]",92.912,2026-10-05T21:12:41.416530+00:00
0.2,268001,26,True,,1,False,0,[],16.846,2026-10-05T21:12:41.433070+00:00
0.2,268001,27,True,,1,False,0,[],16.665,2026-10-05T21:12:41.450012+00:00
0.2,268001,28,True,,1,False,0,[],18.165,2026-10-05T21:12:41.468466+00:00
0.2,268001,29,True,,1,False,0,[],12.944,2026-10-05T21:12:41.481123+00:00
0.2,268001,30,True,,1,False,0,[],13.468,2026-10-05T21:12:41.494511+00:00
0.2,268001,31,True,,1,False,0,[],13.728,2026-10-05T21:12:41.508784+00:00
0.2,268001,32,True,,1,False,0,[],20.004,2026-10-05T21:12:41.528975+00:00
0.2,268001,33,True,,1,False,0,[],15.477,2026-10-05T21:12:41.544163+00:00
0.2,268001,34,True,,1,False,0,[],12.233,2026-10-05T21:12:41.556876+00:00
0.2,268001,35,True,,1,False,0,[],12.566,2026-10-05T21:12:41.569367+00:00
0.2,268001,36,True,,1,False,0,[],12.129,2026-10-05T21:12:41.581334+00:00
0.2,268001,37,True,,1,False,0,[],12.645,2026-10-05T21:12:41.593766+00:00
0.2,268001,38,True,,1,False,0,[],15.482,2026-10-05T21:12:41.609964+00:00
0.2,268001,39,True,,2,True,1,"[""attempt 1: Reproducible injected failure.""]",37.256,2026-10-05T21:12:41.647334+00:00
0.2,268001,40,True,,1,False,0,[],12.222,2026-10-05T21:12:41.659444+00:00
0.2,268001,41,True,,1,False,0,[],12.075,2026-10-05T21:12:41.671664+00:00
0.2,268001,42,True,,1,False,0,[],11.275,2026-10-05T21:12:41.683171+00:00
0.2,268001,43,True,,1,False,0,[],11.152,2026-10-05T21:12:41.694030+00:00
0.2,268001,44,True,,1,False,0,[],13.289,2026-10-05T21:12:41.707236+00:00
0.2,268001,45,True,,1,False,0,[],12.841,2026-10-05T21:12:41.720412+00:00
0.2,268001,46,True,,1,False,0,[],15.609,2026-10-05T21:12:41.736113+00:00
0.2,268001,47,True,,1,False,0,[],9.284,2026-10-05T21:12:41.745593+00:00
0.2,268001,48,True,,1,False,0,[],16.915,2026-10-05T21:12:41.762369+00:00
0.2,268001,49,True,,1,False,0,[],8.345,2026-10-05T21:12:41.770964+00:00
0.2,268001,50,True,,1,False,0,[],15.975,2026-10-05T21:12:41.787131+00:00
0.5,268301,1,True,,2,True,1,"[""attempt 1: Reproducible injected failure.""]",40.364,2026-10-05T21:12:41.827117+00:00
0.5,268301,2,True,,1,False,0,[],10.125,2026-10-05T21:12:41.837295+00:00
0.5,268301,3,True,,1,False,0,[],12.85,2026-10-05T21:12:41.850132+00:00
0.5,268301,4,True,,2,True,1,"[""attempt 1: Reproducible injected failure.""]",34.833,2026-10-05T21:12:41.885266+00:00
0.5,268301,5,True,,2,True,1,"[""attempt 1: Reproducible injected failure.""]",36.442,2026-10-05T21:12:41.921608+00:00
0.5,268301,6,True,,1,False,0,[],9.538,2026-10-05T21:12:41.931500+00:00
0.5,268301,7,True,,3,True,2,"[""attempt 1: Reproducible injected failure."", ""attempt 2: Reproducible injected failure.""]",86.297,2026-10-05T21:12:42.017950+00:00
0.5,268301,8,True,,2,True,1,"[""attempt 1: Reproducible injected failure.""]",39.173,2026-10-05T21:12:42.056873+00:00
0.5,268301,9,True,,1,False,0,[],8.723,2026-10-05T21:12:42.065632+00:00
0.5,268301,10,True,,2,True,1,"[""attempt 1: Reproducible injected failure.""]",36.638,2026-10-05T21:12:42.102509+00:00
0.5,268301,11,True,,1,False,0,[],11.51,2026-10-05T21:12:42.113971+00:00
0.5,268301,12,True,,2,True,1,"[""attempt 1: Reproducible injected failure.""]",44.437,2026-10-05T21:12:42.158250+00:00
0.5,268301,13,True,,2,True,1,"[""attempt 1: Reproducible injected failure.""]",41.927,2026-10-05T21:12:42.200624+00:00
0.5,268301,14,True,,2,True,1,"[""attempt 1: Reproducible injected failure.""]",40.38,2026-10-05T21:12:42.241275+00:00
0.5,268301,15,True,,2,True,1,"[""attempt 1: Reproducible injected failure.""]",36.917,2026-10-05T21:12:42.278113+00:00
0.5,268301,16,True,,1,False,0,[],15.454,2026-10-05T21:12:42.293297+00:00
0.5,268301,17,True,,1,False,0,[],25.264,2026-10-05T21:12:42.318620+00:00
0.5,268301,18,True,,3,True,2,"[""attempt 1: Reproducible injected failure."", ""attempt 2: Reproducible injected failure.""]",92.285,2026-10-05T21:12:42.411394+00:00
0.5,268301,19,True,,1,False,0,[],17.354,2026-10-05T21:12:42.428455+00:00
0.5,268301,20,True,,1,False,0,[],21.835,2026-10-05T21:12:42.450524+00:00
0.5,268301,21,True,,2,True,1,"[""attempt 1: Reproducible injected failure.""]",38.81,2026-10-05T21:12:42.489190+00:00
0.5,268301,22,True,,1,False,0,[],11.388,2026-10-05T21:12:42.500773+00:00
0.5,268301,23,True,,1,False,0,[],10.193,2026-10-05T21:12:42.511127+00:00
0.5,268301,24,True,,1,False,0,[],10.573,2026-10-05T21:12:42.521994+00:00
0.5,268301,25,True,,1,False,0,[],12.422,2026-10-05T21:12:42.534387+00:00
0.5,268301,26,True,,1,False,0,[],12.175,2026-10-05T21:12:42.546383+00:00
0.5,268301,27,True,,1,False,0,[],13.085,2026-10-05T21:12:42.559755+00:00
0.5,268301,28,True,,1,False,0,[],9.825,2026-10-05T21:12:42.569221+00:00
0.5,268301,29,True,,1,False,0,[],13.351,2026-10-05T21:12:42.582832+00:00
0.5,268301,30,True,,2,True,1,"[""attempt 1: Reproducible injected failure.""]",34.359,2026-10-05T21:12:42.617504+00:00
0.5,268301,31,True,,3,True,2,"[""attempt 1: Reproducible injected failure."", ""attempt 2: Reproducible injected failure.""]",89.615,2026-10-05T21:12:42.706812+00:00
0.5,268301,32,True,,1,False,0,[],9.472,2026-10-05T21:12:42.716376+00:00
0.5,268301,33,True,,1,False,0,[],10.657,2026-10-05T21:12:42.727373+00:00
0.5,268301,34,False,Operation failed after 3 attempts.,3,True,3,"[""attempt 1: Reproducible injected failure."", ""attempt 2: Reproducible injected failure."", ""attempt 3: Reproducible injected failure.""]",76.056,2026-10-05T21:12:42.803731+00:00
0.5,268301,35,True,,1,False,0,[],48.31,2026-10-05T21:12:42.852211+00:00
0.5,268301,36,True,,1,False,0,[],22.884,2026-10-05T21:12:42.875112+00:00
0.5,268301,37,True,,1,False,0,[],19.066,2026-10-05T21:12:42.893094+00:00
0.5,268301,38,True,,1,False,0,[],9.053,2026-10-05T21:12:42.903410+00:00
0.5,268301,39,True,,2,True,1,"[""attempt 1: Reproducible injected failure.""]",37.291,2026-10-05T21:12:42.940760+00:00
0.5,268301,40,True,,2,True,1,"[""attempt 1: Reproducible injected failure.""]",34.372,2026-10-05T21:12:42.974842+00:00
0.5,268301,41,True,,2,True,1,"[""attempt 1: Reproducible injected failure.""]",34.467,2026-10-05T21:12:43.009881+00:00
0.5,268301,42,True,,2,True,1,"[""attempt 1: Reproducible injected failure.""]",34.476,2026-10-05T21:12:43.044264+00:00
0.5,268301,43,True,,1,False,0,[],9.318,2026-10-05T21:12:43.053476+00:00
0.5,268301,44,False,Operation failed after 3 attempts.,3,True,3,"[""attempt 1: Reproducible injected failure."", ""attempt 2: Reproducible injected failure."", ""attempt 3: Reproducible injected failure.""]",75.779,2026-10-05T21:12:43.129466+00:00
0.5,268301,45,True,,2,True,1,"[""attempt 1: Reproducible injected failure.""]",33.627,2026-10-05T21:12:43.163284+00:00
0.5,268301,46,True,,1,False,0,[],7.259,2026-10-05T21:12:43.170536+00:00
0.5,268301,47,True,,1,False,0,[],7.586,2026-10-05T21:12:43.178169+00:00
0.5,268301,48,False,Operation failed after 3 attempts.,3,True,3,"[""attempt 1: Reproducible injected failure."", ""attempt 2: Reproducible injected failure."", ""attempt 3: Reproducible injected failure.""]",76.223,2026-10-05T21:12:43.254353+00:00
0.5,268301,49,True,,3,True,2,"[""attempt 1: Reproducible injected failure."", ""attempt 2: Reproducible injected failure.""]",86.418,2026-10-05T21:12:43.340612+00:00
0.5,268301,50,True,,1,False,0,[],12.078,2026-10-05T21:12:43.353165+00:00
